AGEP,HINCP,TEN,SPORDER,PWGTP,WGTP,PUMA,state,puma_int
71,275000,2,1,156,156,04121,36,4121
83,392500,2,1,214,214,04107,36,4107
72,149000,2,1,113,114,04121,36,4121
81,550000,2,1,208,209,04107,36,4107
78,173000,2,1,55,55,04108,36,4108
66,1540000,1,1,83,83,04112,36,4112
69,358500,1,1,121,120,04165,36,4165
95,39800,2,1,244,245,04108,36,4108
66,835000,1,1,98,98,04108,36,4108
67,145400,2,1,60,60,04111,36,4111
81,39000,2,1,61,61,04112,36,4112
70,108300,2,1,176,176,04103,36,4103
69,172900,1,1,197,198,04107,36,4107
80,432000,1,1,130,130,04108,36,4108
72,121700,1,1,124,124,04107,36,4107
79,118300,1,1,218,219,04112,36,4112
79,54000,2,1,98,98,04112,36,4112
77,305100,2,1,75,75,04103,36,4103
73,236500,2,1,116,116,04103,36,4103
76,141300,2,1,98,97,04107,36,4107
83,527700,2,1,108,109,04108,36,4108
88,62000,2,1,141,141,04108,36,4108
76,178300,2,1,109,109,04108,36,4108
68,199100,2,1,102,103,04165,36,4165
70,801300,2,1,146,145,04121,36,4121
69,152300,2,1,90,90,04165,36,4165
75,202000,2,1,146,146,04165,36,4165
72,374000,2,1,94,93,04108,36,4108
66,215000,2,1,111,110,04121,36,4121
68,457000,1,1,96,96,04107,36,4107
74,44840,2,1,107,108,04108,36,4108
72,160150,2,1,544,544,04165,36,4165
65,1235000,1,1,75,75,04103,36,4103
79,74800,1,1,217,217,04121,36,4121
75,61000,2,1,164,163,04121,36,4121
70,423000,2,1,176,176,04107,36,4107
72,164000,2,1,95,95,04108,36,4108
82,304300,1,1,391,391,04165,36,4165
95,530100,2,1,109,109,04108,36,4108
72,483000,2,1,134,134,04108,36,4108
68,42000,2,1,127,127,04165,36,4165
84,225200,2,1,140,139,04108,36,4108
67,259000,1,1,60,60,04110,36,4110
65,485000,2,1,59,58,04109,36,4109
77,27100,2,1,86,86,04103,36,4103
69,121000,1,1,108,108,04108,36,4108
83,177680,2,1,120,121,04109,36,4109
80,28000,2,1,121,120,04108,36,4108
83,10700,2,1,118,118,04112,36,4112
72,400300,1,1,217,217,04108,36,4108
85,37000,2,1,133,133,04165,36,4165
91,333000,2,1,112,112,04108,36,4108
74,82000,2,1,194,194,04107,36,4107
66,285000,1,1,61,61,04121,36,4121
67,166800,2,1,111,111,04103,36,4103
70,5300,2,1,131,132,04108,36,4108
84,237400,2,1,88,89,04165,36,4165
80,470300,2,1,155,154,04104,36,4104
68,420000,2,1,89,88,04108,36,4108
77,142000,2,1,182,183,04107,36,4107
74,100500,2,1,425,425,04109,36,4109
76,40030,2,1,120,121,04108,36,4108
88,112200,2,1,106,107,04108,36,4108
73,271800,1,1,101,100,04108,36,4108
84,212000,2,1,117,117,04165,36,4165
70,102500,1,1,179,179,04110,36,4110
73,8300,2,1,104,104,04108,36,4108
65,536000,2,1,97,97,04108,36,4108
67,33400,2,1,125,125,04109,36,4109
68,6800,2,1,294,294,04165,36,4165
65,70000,2,1,93,93,04104,36,4104
71,270000,1,1,122,122,04108,36,4108
69,449000,2,1,114,115,04107,36,4107
66,753000,2,1,54,55,04111,36,4111
74,28900,2,1,116,116,04165,36,4165
80,142200,2,1,174,174,04107,36,4107
84,88100,2,1,144,143,04108,36,4108
73,94500,2,1,119,119,04108,36,4108
75,154000,2,1,114,115,04103,36,4103
68,75000,2,1,727,727,04107,36,4107
95,36400,2,1,216,216,04165,36,4165
90,13400,2,1,43,43,04165,36,4165
73,163000,2,1,120,120,04108,36,4108
65,175000,1,1,110,110,04108,36,4108
69,426200,2,1,216,216,04107,36,4107
80,319000,2,1,106,106,04108,36,4108
66,53600,2,1,118,118,04165,36,4165
65,140000,1,1,120,120,04107,36,4107
95,339000,2,1,732,732,04165,36,4165
65,79000,2,1,359,359,04104,36,4104
70,18800,1,1,132,132,04165,36,4165
77,47000,2,1,94,94,04103,36,4103
73,120000,2,1,115,115,04107,36,4107
81,372000,2,1,109,109,04107,36,4107
77,57000,2,1,666,666,04121,36,4121
70,50100,2,1,121,121,04121,36,4121
72,2900,1,1,156,156,04112,36,4112
65,85100,2,1,77,77,04103,36,4103
80,90000,2,1,149,149,04108,36,4108
66,364400,1,1,106,106,04108,36,4108
90,349700,1,1,136,136,04108,36,4108
77,200200,2,1,35,35,04103,36,4103
71,544000,1,1,203,203,04108,36,4108
75,84000,1,1,238,238,04121,36,4121
67,33600,1,1,252,251,04121,36,4121
68,492800,2,1,139,139,04104,36,4104
74,18200,2,1,74,74,04103,36,4103
80,172300,2,1,122,122,04108,36,4108
73,449400,2,1,142,142,04103,36,4103
80,34300,2,1,356,356,04108,36,4108
80,69000,2,1,106,106,04108,36,4108
65,1620000,1,1,835,835,04108,36,4108
66,602900,1,1,191,192,04108,36,4108
66,2000,2,1,141,142,04121,36,4121
91,324500,2,1,143,142,04108,36,4108
77,55900,2,1,129,129,04121,36,4121
66,14000,2,1,140,140,04121,36,4121
71,190700,2,1,141,141,04108,36,4108
69,482200,2,1,122,121,04107,36,4107
86,66400,1,1,175,175,04104,36,4104
80,141600,1,1,187,186,04108,36,4108
66,528080,1,1,95,96,04110,36,4110
71,193000,1,1,215,215,04104,36,4104
77,810000,2,1,342,342,04165,36,4165
71,385250,2,1,70,70,04108,36,4108
69,404000,2,1,43,42,04108,36,4108
72,43000,2,1,142,143,04111,36,4111
82,58600,2,1,94,94,04109,36,4109
74,113800,1,1,143,143,04109,36,4109
79,125700,2,1,89,89,04108,36,4108
68,413400,2,1,64,63,04112,36,4112
66,25000,2,1,399,400,04107,36,4107
73,180600,1,1,141,141,04103,36,4103
82,129400,2,1,76,76,04165,36,4165
65,310000,2,1,92,92,04107,36,4107
70,752000,1,1,111,112,04107,36,4107
67,118000,2,1,69,69,04165,36,4165
79,2088400,2,1,173,174,04108,36,4108
76,237300,1,1,249,250,04107,36,4107
68,135000,2,1,98,98,04112,36,4112
71,531000,1,1,91,91,04107,36,4107
66,333400,1,1,58,58,04108,36,4108
73,5300,2,1,380,381,04165,36,4165
88,106000,2,1,217,217,04165,36,4165
77,752300,2,1,458,458,04108,36,4108
71,42800,2,1,75,75,04165,36,4165
86,142000,2,1,162,162,04107,36,4107
90,98000,2,1,44,44,04165,36,4165
82,234000,2,1,456,456,04108,36,4108
72,136040,1,1,70,70,04110,36,4110
70,30200,1,1,86,87,04103,36,4103
79,587300,2,1,125,124,04108,36,4108
72,343000,2,1,57,56,04109,36,4109
75,158000,2,1,183,182,04165,36,4165
70,22000,2,1,90,90,04121,36,4121
74,21700,1,1,43,42,04108,36,4108
75,302300,2,1,226,225,04107,36,4107
76,32000,2,1,130,130,04108,36,4108
86,129000,2,1,64,63,04112,36,4112
71,185700,2,1,61,61,04108,36,4108
66,85000,1,1,53,52,04110,36,4110
69,304000,2,1,108,108,04108,36,4108
66,170200,2,1,92,92,04108,36,4108
71,54300,2,1,62,62,04121,36,4121
76,168000,2,1,152,153,04165,36,4165
77,1035000,2,1,75,75,04108,36,4108
95,59100,2,1,965,965,04108,36,4108
84,88000,2,1,430,430,04165,36,4165
70,220000,2,1,100,100,04165,36,4165
80,286900,2,1,188,187,04109,36,4109
82,78400,2,1,69,69,04165,36,4165
78,224900,2,1,82,83,04121,36,4121
68,118000,2,1,126,126,04165,36,4165
71,172000,1,1,186,186,04109,36,4109
80,52300,2,1,116,117,04107,36,4107
70,240320,2,1,761,761,04121,36,4121
70,19350,1,1,132,132,04165,36,4165
91,225000,1,1,138,138,04108,36,4108
75,82800,2,1,99,99,04107,36,4107
69,176500,2,1,66,66,04108,36,4108
73,54200,2,1,520,519,04109,36,4109
75,343000,2,1,66,66,04104,36,4104
80,65000,1,1,65,64,04112,36,4112
77,137000,1,1,162,162,04121,36,4121
74,500800,2,1,109,109,04107,36,4107
90,333000,2,1,365,364,04108,36,4108
72,322800,1,1,149,149,04110,36,4110
73,76400,2,1,138,138,04103,36,4103
75,157900,1,1,67,67,04165,36,4165
76,64400,2,1,141,141,04121,36,4121
68,385000,2,1,114,114,04109,36,4109
95,16000,2,1,100,100,04107,36,4107
82,73200,2,1,95,96,04121,36,4121
68,379000,1,1,107,106,04108,36,4108
79,150500,2,1,150,150,04108,36,4108
77,330500,2,1,128,129,04107,36,4107
72,94300,2,1,197,198,04107,36,4107
89,22000,2,1,33,33,04103,36,4103
66,304000,2,1,159,160,04112,36,4112
66,7500,1,1,228,228,04108,36,4108
70,18600,1,1,84,84,04103,36,4103
65,18700,2,1,116,116,04104,36,4104
85,32100,2,1,118,118,04103,36,4103
80,7000,2,1,37,37,04112,36,4112
66,393800,2,1,113,112,04165,36,4165
88,62400,2,1,46,45,04165,36,4165
66,75000,1,1,94,94,04103,36,4103
76,251000,2,1,96,96,04108,36,4108
76,35350,1,1,76,76,04110,36,4110
73,11800,1,1,276,276,04107,36,4107
73,81100,2,1,251,250,04165,36,4165
66,120000,2,1,100,100,04110,36,4110
68,263000,1,1,133,133,04104,36,4104
90,61800,2,1,36,36,04103,36,4103
78,125000,2,1,101,101,04107,36,4107
78,676600,2,1,114,114,04165,36,4165
73,57200,2,1,149,149,04112,36,4112
71,258000,1,1,122,122,04108,36,4108
67,16800,1,1,100,101,04110,36,4110
66,50000,1,1,135,135,04165,36,4165
65,17000,2,1,120,119,04112,36,4112
67,58000,2,1,137,137,04108,36,4108
66,81000,2,1,138,138,04109,36,4109
71,213000,2,1,61,61,04108,36,4108
69,49000,2,1,461,461,04165,36,4165
83,26400,2,1,182,182,04112,36,4112
87,32700,2,1,106,106,04110,36,4110
83,95500,2,1,232,232,04107,36,4107
69,232800,1,1,50,50,04112,36,4112
79,475000,2,1,95,95,04108,36,4108
82,179500,2,1,107,106,04108,36,4108
70,59000,1,1,193,193,04107,36,4107
74,293000,2,1,102,102,04107,36,4107
73,102100,1,1,75,75,04112,36,4112
65,300000,2,1,44,43,04165,36,4165
67,709400,2,1,181,181,04107,36,4107
68,12000,2,1,177,176,04103,36,4103
66,1046000,2,1,60,60,04104,36,4104
85,304300,2,1,132,132,04108,36,4108
95,1126000,2,1,107,107,04107,36,4107
79,198800,2,1,53,53,04112,36,4112
91,529100,1,1,324,324,04165,36,4165
71,57000,2,1,95,96,04165,36,4165
90,4400,2,1,107,107,04103,36,4103
80,33100,2,1,121,121,04165,36,4165
84,58000,2,1,217,216,04104,36,4104
68,87000,2,1,75,75,04110,36,4110
87,129000,1,1,238,238,04165,36,4165
83,230000,2,1,140,140,04121,36,4121
95,33800,2,1,173,173,04107,36,4107
74,130800,2,1,68,69,04112,36,4112
88,830000,2,1,400,400,04107,36,4107
95,145000,1,1,92,92,04108,36,4108
76,65000,2,1,164,164,04107,36,4107
74,77500,1,1,268,269,04107,36,4107
83,45900,2,1,131,131,04108,36,4108
68,182000,1,1,189,189,04104,36,4104
95,365800,2,1,92,92,04107,36,4107
65,41000,2,1,127,127,04108,36,4108
67,319000,1,1,51,51,04104,36,4104
72,1072600,1,1,84,84,04108,36,4108
77,183300,2,1,95,95,04107,36,4107
88,10800,2,1,65,66,04165,36,4165
81,212000,2,1,67,67,04103,36,4103
70,156000,2,1,329,329,04107,36,4107
76,80000,1,1,46,47,04108,36,4108
78,89030,2,1,120,120,04121,36,4121
82,8700,2,1,283,284,04107,36,4107
70,76300,1,1,374,373,04108,36,4108
69,66600,2,1,113,113,04107,36,4107
77,103300,1,1,125,125,04108,36,4108
95,116000,2,1,179,180,04107,36,4107
73,213000,2,1,307,307,04108,36,4108
68,515780,2,1,103,103,04121,36,4121
79,59000,2,1,332,332,04107,36,4107
65,115400,1,1,48,49,04108,36,4108
73,154300,1,1,114,114,04108,36,4108
76,66100,2,1,202,202,04165,36,4165
81,376900,2,1,266,267,04165,36,4165
72,222000,2,1,203,203,04107,36,4107
70,214000,1,1,227,228,04165,36,4165
66,17000,2,1,227,228,04111,36,4111
70,47700,2,1,123,124,04165,36,4165
68,114000,2,1,398,398,04103,36,4103
79,28000,1,1,273,273,04107,36,4107
87,169900,2,1,188,188,04109,36,4109
69,104100,2,1,99,99,04112,36,4112
79,1195000,1,1,271,271,04104,36,4104
67,777000,2,1,129,129,04165,36,4165
74,344000,1,1,100,100,04108,36,4108
75,95500,1,1,122,122,04108,36,4108
65,313500,2,1,132,132,04121,36,4121
74,130000,2,1,113,113,04165,36,4165
65,83000,1,1,64,64,04108,36,4108
77,28600,2,1,58,57,04111,36,4111
70,59000,2,1,111,110,04107,36,4107
81,343000,2,1,303,302,04108,36,4108
71,90600,2,1,127,128,04110,36,4110
89,404000,2,1,83,84,04108,36,4108
72,192200,2,1,162,162,04109,36,4109
82,339000,2,1,71,71,04108,36,4108
90,28000,2,1,117,117,04107,36,4107
68,96100,1,1,301,301,04108,36,4108
80,258200,2,1,95,96,04109,36,4109
69,55000,2,1,114,114,04165,36,4165
69,55000,2,1,133,134,04165,36,4165
75,1111300,2,1,180,181,04107,36,4107
83,94500,1,1,103,103,04107,36,4107
68,832000,2,1,128,129,04108,36,4108
66,73000,2,1,54,54,04108,36,4108
76,127300,2,1,174,174,04107,36,4107
70,64000,1,1,394,394,04103,36,4103
83,74800,2,1,101,101,04107,36,4107
66,24800,2,1,336,337,04104,36,4104
89,131400,2,1,45,45,04108,36,4108
65,575000,1,1,118,118,04108,36,4108
77,103400,2,1,308,308,04110,36,4110
78,23000,2,1,312,312,04104,36,4104
70,404150,2,1,118,119,04108,36,4108
76,268000,2,1,73,74,04121,36,4121
75,102000,1,1,238,238,04108,36,4108
77,130900,1,1,122,121,04107,36,4107
72,80000,1,1,145,146,04121,36,4121
86,93000,2,1,117,116,04108,36,4108
78,352000,2,1,122,122,04108,36,4108
65,614600,2,1,119,119,04107,36,4107
78,180000,2,1,108,108,04108,36,4108
74,105000,2,1,136,136,04165,36,4165
68,118800,2,1,25,25,04165,36,4165
71,153500,2,1,125,125,04112,36,4112
75,242700,1,1,115,115,04112,36,4112
83,38300,2,1,122,122,04109,36,4109
77,346000,2,1,110,110,04107,36,4107
87,350000,2,1,42,43,04165,36,4165
86,304300,2,1,130,130,04108,36,4108
77,57900,2,1,103,103,04165,36,4165
65,13300,2,1,123,123,04107,36,4107
89,116300,2,1,250,251,04103,36,4103
90,36600,2,1,35,35,04103,36,4103
80,505500,2,1,127,127,04108,36,4108
78,39800,2,1,56,56,04121,36,4121
72,88520,2,1,58,58,04112,36,4112
72,5000,2,1,57,57,04103,36,4103
74,599200,2,1,313,313,04107,36,4107
66,305200,2,1,75,76,04165,36,4165
88,26300,2,1,208,208,04121,36,4121
75,590000,1,1,158,158,04108,36,4108
74,475000,1,1,60,60,04108,36,4108
81,791300,2,1,99,99,04121,36,4121
80,45900,2,1,224,223,04165,36,4165
78,160100,2,1,104,104,04111,36,4111
87,59000,2,1,47,48,04108,36,4108
78,126000,2,1,118,119,04121,36,4121
84,200000,1,1,120,120,04107,36,4107
88,34400,1,1,143,142,04112,36,4112
72,30600,1,1,135,136,04111,36,4111
75,444700,2,1,118,118,04107,36,4107
72,385500,2,1,94,93,04108,36,4108
83,807840,2,1,46,46,04165,36,4165
65,2800,2,1,93,93,04104,36,4104
79,132000,2,1,110,111,04108,36,4108
83,87900,1,1,95,95,04110,36,4110
67,42000,2,1,211,211,04107,36,4107
76,27030,2,1,317,317,04108,36,4108
65,319000,2,1,115,115,04108,36,4108
68,44900,2,1,214,214,04107,36,4107
65,924000,2,1,40,41,04108,36,4108
77,87300,2,1,148,148,04165,36,4165
76,212400,2,1,125,124,04109,36,4109
82,161300,2,1,119,120,04103,36,4103
85,401400,1,1,129,130,04108,36,4108
65,115000,2,1,80,79,04103,36,4103
71,882330,2,1,44,43,04108,36,4108
68,145000,2,1,366,366,04108,36,4108
69,694300,1,1,1147,1148,04165,36,4165
79,152300,2,1,83,83,04108,36,4108
90,14900,2,1,235,234,04103,36,4103
76,411000,1,1,108,108,04107,36,4107
78,56800,2,1,101,101,04104,36,4104
68,88850,2,1,285,284,04108,36,4108
72,773800,2,1,31,31,04165,36,4165
89,42900,2,1,802,802,04165,36,4165
74,17400,2,1,104,104,04108,36,4108
66,209800,2,1,95,95,04108,36,4108
72,293500,2,1,113,113,04107,36,4107
69,38030,2,1,101,101,04108,36,4108
79,74220,2,1,131,131,04108,36,4108
84,44200,2,1,108,109,04165,36,4165
69,519000,2,1,109,109,04104,36,4104
89,95500,2,1,141,141,04108,36,4108
81,37000,1,1,200,201,04108,36,4108
72,199900,2,1,69,69,04165,36,4165
81,1800,2,1,158,158,04165,36,4165
76,588600,2,1,117,117,04109,36,4109
77,0,1,1,126,125,04121,36,4121
77,51500,2,1,92,92,04121,36,4121
73,414300,2,1,126,126,04107,36,4107
76,3500,2,1,63,63,04165,36,4165
83,44900,1,1,373,372,04110,36,4110
74,34600,2,1,122,122,04111,36,4111
95,69600,2,1,139,140,04108,36,4108
78,48000,2,1,100,101,04108,36,4108
69,99000,1,1,80,80,04108,36,4108
73,70600,2,1,311,311,04111,36,4111
77,102800,2,1,263,263,04103,36,4103
74,83500,2,1,183,183,04107,36,4107
68,15000,2,1,181,181,04103,36,4103
83,2500,2,1,118,118,04108,36,4108
67,168000,1,1,57,58,04110,36,4110
75,89100,2,1,95,95,04104,36,4104
85,0,2,1,101,101,04165,36,4165
73,60000,2,1,113,113,04108,36,4108
69,825000,2,1,218,218,04121,36,4121
86,167400,2,1,204,204,04121,36,4121
72,273300,2,1,63,63,04108,36,4108
77,201200,2,1,206,206,04121,36,4121
75,18600,2,1,50,50,04165,36,4165
87,169100,1,1,72,72,04112,36,4112
70,0,1,1,415,416,04109,36,4109
70,487300,1,1,134,135,04165,36,4165
95,8700,2,1,324,325,04165,36,4165
74,274300,2,1,63,63,04121,36,4121
76,65800,2,1,110,110,04103,36,4103
70,59900,2,1,615,616,04112,36,4112
88,219000,2,1,127,128,04165,36,4165
75,144700,2,1,112,113,04107,36,4107
83,129600,2,1,87,87,04107,36,4107
78,672200,2,1,155,156,04104,36,4104
73,140300,2,1,102,103,04108,36,4108
70,306000,2,1,64,64,04111,36,4111
67,334000,2,1,113,113,04107,36,4107
74,448300,2,1,168,168,04165,36,4165
85,87700,2,1,108,107,04108,36,4108
75,260100,1,1,77,77,04165,36,4165
74,85700,2,1,103,103,04112,36,4112
89,3600,2,1,76,76,04108,36,4108
65,1088000,2,1,208,208,04107,36,4107
76,225700,2,1,313,314,04165,36,4165
73,0,2,1,180,181,04104,36,4104
71,581500,2,1,63,63,04108,36,4108
70,63700,2,1,87,87,04103,36,4103
74,63200,2,1,97,98,04108,36,4108
65,387000,2,1,195,195,04165,36,4165
70,204100,2,1,139,138,04165,36,4165
68,128000,1,1,177,178,04110,36,4110
78,76500,2,1,131,131,04112,36,4112
66,263400,2,1,144,144,04104,36,4104
95,430300,1,1,223,223,04108,36,4108
83,130900,1,1,172,172,04165,36,4165
85,347000,2,1,128,128,04107,36,4107
80,51000,2,1,74,74,04108,36,4108
74,155520,2,1,102,102,04112,36,4112
82,18000,2,1,71,71,04108,36,4108
88,114400,2,1,70,70,04165,36,4165
72,11000,2,1,308,308,04107,36,4107
84,217500,2,1,993,994,04108,36,4108
72,46200,2,1,69,69,04108,36,4108
79,202400,2,1,77,77,04110,36,4110
72,322800,2,1,108,108,04107,36,4107
82,241000,2,1,102,103,04108,36,4108
72,98070,2,1,98,98,04107,36,4107
70,188300,2,1,126,126,04165,36,4165
74,84000,2,1,211,211,04165,36,4165
84,90200,2,1,162,162,04165,36,4165
67,240000,1,1,92,92,04112,36,4112
87,623000,2,1,255,254,04165,36,4165
76,73000,2,1,203,203,04107,36,4107
78,4200,1,1,65,64,04110,36,4110
83,4200,2,1,612,613,04111,36,4111
66,50000,2,1,135,134,04107,36,4107
80,132300,2,1,169,169,04108,36,4108
73,2000,1,1,36,35,04121,36,4121
81,108620,2,1,164,164,04104,36,4104
80,64500,1,1,96,96,04107,36,4107
65,235000,1,1,202,202,04111,36,4111
65,225000,2,1,134,134,04108,36,4108
82,93000,2,1,83,83,04103,36,4103
77,559300,2,1,42,43,04103,36,4103
80,140300,2,1,137,137,04165,36,4165
75,762000,1,1,131,131,04108,36,4108
81,644200,1,1,36,36,04165,36,4165
66,564300,2,1,98,98,04108,36,4108
74,254300,2,1,105,105,04107,36,4107
83,60000,2,1,192,192,04107,36,4107
68,190000,1,1,139,139,04103,36,4103
73,59100,2,1,111,111,04103,36,4103
